,distance from center,left,right
0,-0.405246031274,617.264401105,467.657849236
1,-0.40928658368,598.818263478,517.571377583
2,-0.412441063891,573.778445678,586.414361011
3,-0.414949939991,551.030853847,674.624140806
4,-0.417385717468,538.414438191,736.255165782
5,-0.419454493716,533.342615437,757.491343145
6,-0.421986116413,526.786064972,820.167970901
7,-0.428026196399,520.46629476,969.163706359
8,-0.429544958889,514.401791066,988.170244734
9,-0.425902122712,508.357087608,754.698498549
10,-0.424818993754,506.226771536,646.884473919
11,-0.425766168874,506.239776658,606.913080505
12,-0.429326520971,505.928259848,621.932806464
13,-0.435831753981,503.909233595,719.994009232
14,-0.441328610094,505.486027332,909.0663925
15,-0.442216470628,507.134669956,1121.65119789
16,-0.441012497108,513.151290381,1348.44363603
17,-0.439644895968,529.754850055,1666.47128269
18,-0.438302075419,557.436341044,2163.04318853
19,-0.436260568741,589.308288771,3106.57359092
20,-0.432956181381,627.195554551,3585.82030963
21,-0.426933911777,674.338148742,2665.64321466
22,-0.41791336117,719.040224332,1693.9204208
23,-0.40904814299,780.869890217,1125.62117451
24,-0.402376384435,829.040274977,922.56248312
25,-0.395956296784,879.606688027,790.398491344
26,-0.393663922277,916.532441705,786.950423001
27,-0.392400135984,928.506059712,850.386506423
28,-0.390712667598,911.267354859,980.994839839
29,-0.387801591141,868.993088451,1139.16104139
30,-0.384097211043,806.64457131,1130.45651917
31,-0.380666173216,754.6355193,1190.76160849
32,-0.377994252889,716.586677033,1248.93709301
33,-0.380646953219,677.830230233,1734.14843174
34,-0.376114169789,646.871850916,1255.17450339
35,-0.374002361151,627.261685752,1059.11140958
36,-0.370257849944,603.752502884,855.95084027
37,-0.364256389798,582.53181426,670.224398141
38,-0.363480350674,553.852234279,624.269220345
39,-0.364532321416,529.528222156,616.267782062
40,-0.366429556078,507.920120165,644.39961853
41,-0.368865338692,489.360835209,696.147042966
42,-0.371922426637,473.640158005,761.781541807
43,-0.374163958155,462.311101928,788.537486222
44,-0.377068820942,453.446453715,858.860169155
45,-0.382573249501,444.382414498,1014.64428097
46,-0.38508980282,440.393427025,1083.14698911
47,-0.382431471845,435.453428151,864.674343965
48,-0.381071328357,435.251477206,743.15790156
49,-0.380115754207,435.058615587,647.331759572
50,-0.379307517204,438.322366057,576.954558459
51,-0.380207308352,440.073615256,543.128834269
52,-0.382937513932,442.805824857,564.109426738
53,-0.384644662959,446.661951683,595.664065743
54,-0.386757706429,456.723268043,641.873941585
55,-0.387701330662,471.750352426,641.191571359
56,-0.389199255485,493.117955727,688.787472052
57,-0.390654577769,519.937673142,764.208961489
58,-0.390077277799,554.648962414,764.307440146
59,-0.381746071051,600.64212574,617.021588686
60,-0.377659426153,645.930265855,564.550219971
61,-0.376872627121,682.969233755,573.003950909
62,-0.377268951412,722.066740787,616.383582162
63,-0.37731830044,736.279224325,705.11588353
64,-0.375210154833,737.250267648,837.651351841
65,-0.370440639479,712.257841003,989.308485653
66,-0.363227335251,679.458629924,1117.38528147
67,-0.35602694739,644.932022174,1390.72093366
68,-0.348281215057,606.575898316,1674.6712075
69,-0.340827504609,574.777281801,2128.85462018
70,-0.336151324532,550.755441855,3054.11470573
71,-0.326219703344,530.625566717,2020.45837115
72,-0.31594075459,529.014229063,1402.03217169
73,-0.305966129346,539.050759862,1036.90564338
74,-0.300629483695,558.643826913,919.738654415
75,-0.297575443407,582.951150824,886.072728817
76,-0.296185545103,621.08461599,909.037632547
77,-0.295450583129,668.268683566,964.116439802
78,-0.294608322697,721.081999786,1153.98180421
79,-0.291615470713,777.915320506,1358.50090113
80,-0.28789481937,868.357051421,1392.94879372
81,-0.283426177882,975.545291671,1390.34764033
82,-0.279399491485,1082.24259691,1607.17977129
83,-0.276289220355,1220.44154728,1727.60246598
84,-0.27229719573,1353.71894859,1789.10658573
85,-0.258797810572,1418.85982792,1013.7030992
86,-0.25096466756,1424.90969536,772.506052198
87,-0.25004631756,1351.23033071,774.06105671
88,-0.252946289648,1229.18089154,929.832607795
89,-0.2545491253,1095.64325188,1191.68979492
90,-0.253913204504,967.151287996,1618.29126753
91,-0.251890508045,878.722709605,2097.20834188
92,-0.248372822316,793.077115158,2133.41990777
93,-0.245972708982,728.429387545,2858.55754415
94,-0.242909960607,679.840805314,3746.31136493
95,-0.241685953767,636.992452638,5245.86590931
96,-0.232007379937,610.561840346,1998.54979476
97,-0.221982535015,599.345466632,1086.19215591
98,-0.216260775176,584.755923415,812.787005657
99,-0.215193553357,580.517979566,718.636131947
100,-0.217527684847,575.289482042,696.431356722
101,-0.223522140263,571.317541745,783.94520021
102,-0.229027840648,574.20087823,876.777855062
103,-0.233137853708,573.044997046,977.805440102
104,-0.237116223041,578.810089468,1046.99602752
105,-0.242215324104,590.591652919,1192.80279996
106,-0.247182885368,596.998066901,1334.47857254
107,-0.252224817399,601.822678653,1431.07586865
108,-0.256126933844,602.30822075,1383.03826539
109,-0.260372614918,607.473857031,1377.17459534
110,-0.258341566784,611.358731459,934.530318562
111,-0.259321200612,613.839808898,760.270363405
112,-0.263534883106,612.832944098,694.875187518
113,-0.270894323448,604.599907268,710.43171139
114,-0.279869609006,588.488255855,807.583744409
115,-0.287533984392,570.425412611,994.37152636
116,-0.293086783488,555.572164148,1221.14184979
117,-0.297757526975,544.390535223,1524.58660063
118,-0.301226540088,532.628983244,1614.69402099
119,-0.304666944789,524.22210836,1568.91781402
120,-0.308978014347,518.537370547,1665.60761984
121,-0.305856571449,511.247762915,984.472137806
122,-0.302122375773,508.062056059,686.6574991
123,-0.302733450415,504.172804094,564.396198708
124,-0.306684458279,498.912993902,510.64506611
125,-0.31464082484,496.328531038,505.445486439
126,-0.314166357022,490.189052159,431.802255139
127,-0.319658550243,486.618375736,413.064822979
128,-0.325685049741,477.413344382,404.654697706
129,-0.330651675446,468.367700157,399.443386439
130,-0.33700327612,463.822201716,410.384906712
131,-0.343914974192,460.366449385,444.937866872
132,-0.350847269534,461.783970108,476.049825114
133,-0.358541410578,466.321708759,511.957903278
134,-0.362860051201,472.728211227,498.726141851
135,-0.367665733165,485.166011516,486.06669986
136,-0.371913121228,498.245480191,477.390234755
137,-0.376612015691,515.579829034,476.85153653
138,-0.378083681259,536.016446434,447.270688993
139,-0.381947457287,558.856648987,443.131688512
140,-0.388065582598,572.955223387,479.798514681
141,-0.391179384814,583.147573995,498.457063304
142,-0.392595410132,583.336787567,501.789939928
143,-0.392995699528,581.444760118,523.242703364
144,-0.393952675061,579.186796138,602.5797123
145,-0.394757987821,581.361140773,688.95049576
146,-0.399783852801,581.887700513,850.620908943
147,-0.400420357429,595.166346717,855.00927593
148,-0.400992112347,606.423077229,855.356800663
149,-0.39908098083,625.324763587,789.331962644
150,-0.392478572301,648.537110278,666.64927456
151,-0.389727612967,676.876622526,629.991287803
152,-0.386938558306,696.374825862,598.184856581
153,-0.387471440142,719.43132485,640.064344222
154,-0.387562781827,737.550454002,691.464061345
155,-0.386098005274,759.349595991,714.354393261
156,-0.383330306274,771.707605834,678.283606375
157,-0.379129682371,763.284833887,670.531134459
158,-0.375292103888,749.773520772,688.384111038
159,-0.367205217672,728.314700308,607.153105245
160,-0.360442497225,707.788641224,558.342093808
161,-0.356907880466,694.992746656,535.160286242
162,-0.356100396169,685.517775597,543.491223554
163,-0.359439028389,672.652598107,611.284432267
164,-0.359405281214,656.992279292,661.520245103
165,-0.359824109811,640.427979432,795.449760313
166,-0.357928652551,619.171439098,932.387322487
167,-0.356054604221,612.505956889,1054.84395929
168,-0.353520470428,607.800372688,1114.51442908
169,-0.350453780303,605.708097752,1278.82881872
170,-0.346498566759,599.278633256,1403.43302868
171,-0.343371651324,592.640142237,1661.26433959
172,-0.334391568603,585.297969337,1276.0469682
173,-0.325621669059,592.239031598,1028.97165602
174,-0.315498363232,616.389080215,783.298847624
175,-0.301455231007,648.802341847,570.252950429
176,-0.294877836871,687.533914628,503.90867135
177,-0.291734730348,740.791511414,463.861304092
178,-0.290120764056,795.014467878,429.903804311
179,-0.290100047249,848.92872735,401.076368299
180,-0.290124120252,865.982925808,380.421401904
181,-0.290283663214,869.715001497,372.580340335
182,-0.29037362459,839.058760492,375.540744188
183,-0.291815892113,784.974308963,381.064809984
184,-0.291645600134,716.25651786,381.195330171
185,-0.288529582062,646.158995097,360.894577254
186,-0.286002713399,587.852280458,343.679039154
187,-0.283505148976,538.994826795,325.163362342
188,-0.28320771881,501.604177443,312.473860766
189,-0.285954113176,474.470333465,309.733321955
190,-0.290806334184,457.344544869,312.506632122
191,-0.297111736518,446.795665759,323.738607644
192,-0.304600484957,442.277909662,338.751335643
193,-0.312475471761,442.796905516,374.311405816
194,-0.318941202763,445.739130164,393.193291862
195,-0.329139337555,455.107250421,457.776784867
196,-0.336038257875,465.200411778,512.630391383
197,-0.341181649944,476.904778008,597.728018626
198,-0.342263488738,494.123631109,607.566044224
199,-0.342838561233,508.531283579,632.753408077
200,-0.339812409044,519.837422575,616.717061244
201,-0.332571553239,524.40961789,525.078401249
202,-0.329495134214,527.624709345,508.454221981
203,-0.32686608871,535.678340111,495.792704338
204,-0.325003222882,546.919109257,493.106334542
205,-0.323755111784,565.15363365,486.526704363
206,-0.323265124553,582.268835127,496.123301576
207,-0.324796651577,590.174098153,513.394801621
208,-0.324718972388,607.258446892,513.284614435
209,-0.324641270626,613.416323227,522.339743413
210,-0.323615267583,623.081113037,523.241444562
211,-0.322509784994,620.083396693,525.149492785
212,-0.313250103383,607.167592294,459.440498562
213,-0.307411654395,589.535005771,418.974297505
214,-0.303739258402,570.693155681,404.785668586
215,-0.299973090918,547.259350714,392.657089261
216,-0.297049615201,531.587576217,385.274240264
217,-0.294322167082,519.438065827,392.430221083
218,-0.292279554084,506.136080179,424.169223622
219,-0.29111098852,502.708707659,469.883112766
220,-0.295212431466,503.158810202,540.460169864
221,-0.294869086711,506.217858091,574.119522745
222,-0.293012134347,513.581312084,590.106364775
223,-0.291706273466,518.736484916,610.152169064
224,-0.287315565313,527.051247822,595.859034331
225,-0.284846930915,529.027744542,618.719072069
226,-0.28316691721,533.66988282,693.912198617
227,-0.279130253945,540.043562912,741.602235518
228,-0.274639034636,548.539339941,832.086162745
229,-0.268658051812,557.846926528,847.007921118
230,-0.262671583119,563.909428025,952.477378848
231,-0.255851008136,576.668003242,1039.74082674
232,-0.249160379413,591.081027539,1054.55136299
233,-0.243609166292,605.674584787,1150.51579471
234,-0.233953147914,626.325731924,988.268917754
235,-0.225085047871,654.02380804,848.786677752
236,-0.209327469907,680.90929353,632.417122408
237,-0.200078593988,699.062251611,555.965704096
238,-0.193748244434,727.305247529,521.869621013
239,-0.189122220083,747.175653718,514.805064955
240,-0.184235698578,749.502798482,504.173862682
241,-0.179792503224,750.132311414,496.812703433
242,-0.175751390397,732.940325595,505.268968455
243,-0.171642343558,723.684077134,529.338587502
244,-0.168019326873,721.565635901,525.482573029
245,-0.162718453959,713.312953909,512.044997424
246,-0.157048034229,709.180174798,496.475371846
247,-0.150498981074,691.848676357,465.681089316
248,-0.143651894273,676.770207346,434.870502362
249,-0.139123047273,655.81548134,418.032009833
250,-0.137334311332,643.178796059,421.683542647
251,-0.135717567121,633.027097313,424.435457632
252,-0.134025016907,622.539081356,425.979087356
253,-0.13321990713,620.99584755,432.385538767
254,-0.133046249257,615.166349164,443.498269399
255,-0.13341361754,618.864205274,465.8749802
256,-0.138752744308,620.180751048,521.02291938
257,-0.139239387724,624.690912362,539.259602448
258,-0.139022097479,633.84782113,547.971266853
259,-0.138266973358,641.393580976,537.385445908
260,-0.136260430547,646.826986677,513.741151861
261,-0.136386607029,655.241871946,500.0707005
262,-0.136836289342,674.697388433,483.510167711
263,-0.138411877832,689.54688168,485.737747574
264,-0.140217475521,706.170573522,493.738812504
265,-0.141926303357,716.713726831,503.064843508
266,-0.143981210654,721.661139673,515.829542757
267,-0.145525263722,724.626636201,526.424170327
268,-0.147112386687,719.78245705,558.60062572
269,-0.147547721428,726.020630636,552.006431712
270,-0.148581872571,737.508845425,537.930760927
271,-0.15186291276,735.401817631,537.940031188
272,-0.153642501395,729.64362971,524.728973948
273,-0.159348153122,718.536020042,547.684105431
274,-0.163986635101,709.324141236,568.956711947
275,-0.169058876385,692.358198225,608.153575802
276,-0.173376035305,681.857584384,654.667350963
277,-0.176793885058,671.806884433,685.717169998
278,-0.180079598636,655.755259545,739.63964491
279,-0.182774494083,642.664090324,804.67063505
280,-0.185561106703,627.771274303,832.275873958
281,-0.187340737574,618.110976452,793.327479772
282,-0.191721592766,622.305545396,782.959502533
283,-0.196753263919,636.300880803,756.08543572
284,-0.20121105124,649.362451386,725.992204376
285,-0.205698772632,669.698369229,688.677176791
286,-0.212902041934,690.793183332,723.062455211
287,-0.221005378526,714.530910178,806.368176333
288,-0.228252761743,743.666807636,892.377770117
289,-0.234500923643,776.335111593,967.11397382
290,-0.24014083122,810.495026939,1016.36022564
291,-0.245705282693,839.282007018,1234.25985169
292,-0.254074934654,881.435871049,1552.72313481
293,-0.25668581658,933.500208135,1335.03358121
294,-0.260293425026,991.970481395,1236.99052108
295,-0.263773442135,1053.04274231,1133.57311752
296,-0.266060284949,1105.00806248,1039.66255336
297,-0.265780369928,1162.08960056,884.882016129
298,-0.269471931039,1198.72025549,919.024252587
299,-0.271668115607,1226.21699416,909.485485753
300,-0.273763280441,1211.56567783,954.153952453
301,-0.275574450679,1197.12487122,1004.10129075
302,-0.276651832924,1173.1379789,1003.94138319
303,-0.277435465293,1140.815424,1082.30688694
304,-0.283647923336,1128.51540567,1450.50471809
305,-0.283894893276,1120.01100225,1328.06349345
306,-0.284269939305,1153.46573876,1164.17214938
307,-0.287757309974,1222.49112302,1133.23303018
308,-0.292060522416,1293.48280241,1188.62342602
309,-0.298691362495,1376.97931787,1449.0879014
310,-0.302946999006,1433.14366872,1813.82347797
311,-0.306065349758,1509.31483249,2462.11999875
312,-0.306474676864,1488.56122663,2860.34197272
313,-0.307777437639,1508.52121224,5338.50475429
314,-0.308750991917,1524.67642948,315311.643103
315,-0.309171639679,1569.94911228,11282.755761
316,-0.312584925172,1575.61036806,3926.0420692
317,-0.310781581177,1742.14615124,7795.36373778
318,-0.307417123436,1933.61066544,86559.6193879
319,-0.308449025655,2233.13566496,25521.5643647
320,-0.309641302671,2751.75453915,16993.7456185
321,-0.312672964124,3547.69683656,81394.8945065
322,-0.313377558757,4942.76723934,11338044.0023
323,-0.314785699231,7255.3193299,15934.2033023
324,-0.314800643154,10133.4333777,9444.9018275
325,-0.314543228639,20452.4677589,7608.16575155
326,-0.313698749731,50670.5447388,7466.0795643
327,-0.31216399068,622165.018165,12636.6853865
328,-0.314357287344,1013206.84727,5506.97601221
329,-0.311924010654,89791.8063611,14051.5091239
330,-0.307703350516,83296.8196357,5268.15280924
331,-0.307180775855,69474.8724573,3542.28846353
332,-0.308068929604,88294.1627335,3609.52017414
333,-0.309509630014,139215.486923,4184.08747716
334,-0.312153087221,27971.8417568,7491.78181528
335,-0.315078987873,17605.9761629,286965.345247
336,-0.316576376575,10902.2500422,8620.3640366
337,-0.317365261068,7678.1764519,5600.10381516
338,-0.317938378737,6470.38825545,4333.4787648
339,-0.318423134246,5296.26634759,3409.42289636
340,-0.319648142209,4436.29309532,2849.80355342
341,-0.317525845262,4216.6117144,7018.33443736
342,-0.31728223567,4621.91332852,72864.2976376
343,-0.319603519054,5159.16555211,81113.7027197
344,-0.323527302354,6608.06247658,16700.2268792
345,-0.331192404758,8877.92182853,3560.16181386
346,-0.337006990615,23579.5131971,2030.55803435
347,-0.340892986606,190796.144757,1456.8741084
348,-0.342760632042,10269.4699624,1184.50120112
349,-0.343372091801,4897.50005672,1080.69835471
350,-0.342312195924,3388.72475077,1079.48399186
351,-0.340621926802,2689.31944896,1048.22312342
352,-0.338731263008,2454.81748684,1040.1901659
353,-0.336625269605,2560.23990907,1066.28242278
354,-0.329309904448,3138.34644802,1529.85874915
355,-0.322793173528,4302.50358398,2471.44909756
356,-0.321367878233,8791.18438213,2815.18474234
357,-0.322150700751,1050431.02257,2524.04021008
358,-0.323682913508,7762.29232567,1991.10573312
359,-0.323929351137,3796.62160889,1714.7612705
360,-0.323622924079,2596.8782793,1521.99772031
361,-0.322618101169,2209.21505052,1736.47108743
362,-0.32368987175,2101.52867547,1704.86069033
363,-0.32523245192,2121.85523512,1681.01145254
364,-0.325537198957,2230.8732371,2065.4104163
365,-0.322021862398,2513.16635626,6714.833368
366,-0.321874185728,3056.37523076,15588.9935644
367,-0.324509420924,4786.35570834,5403.92245051
368,-0.330031461571,17705.6802981,6918.43044151
369,-0.33713623285,9642.57358906,320359.508227
370,-0.342352124247,3945.15007856,6435.32963452
371,-0.344057011816,2631.65797251,3640.66289801
372,-0.344205347465,1954.62720153,2465.12102223
373,-0.341008928027,1672.21991842,2312.87893603
374,-0.336596511196,1515.16576021,2274.06813778
375,-0.331162185511,1486.16886053,2064.17422713
376,-0.320027302044,1522.56906028,4770.77688887
377,-0.310136743128,1627.96686632,34707.8893247
378,-0.304424735017,1774.96373852,6368.10877466
379,-0.302536594993,1950.75408208,5934.33664969
380,-0.302560709389,2247.02884941,9426.16199149
381,-0.306102117848,2830.96802805,7301.11335514
382,-0.308759160591,3955.99460359,2512.72955858
383,-0.309483898971,6654.6867841,1607.46604825
384,-0.309030870053,16313.6096781,1273.72445185
385,-0.306669823144,37928.0826435,1268.05050942
386,-0.305636554253,12105.8204809,1148.32992417
387,-0.304475150442,7310.75138968,1168.27479766
388,-0.303751432972,5652.19142128,1122.31063024
389,-0.303991414432,4682.54867506,1028.24992818
390,-0.296946270778,4886.29700888,1668.36515111
391,-0.293624026918,6133.10329218,2992.23627595
392,-0.293920423011,8784.68332317,4552.80178097
393,-0.295284782931,13454.6807296,4935.38297887
394,-0.300447567894,19661.4897027,2421.00228224
395,-0.302615723498,21732.6135962,1647.47923678
396,-0.302633793877,17696.6117859,1299.43854291
397,-0.300604707498,9236.38652236,1108.5958356
398,-0.297269974873,5602.82340664,1035.85789677
399,-0.293620695119,3926.92834156,1011.92388145
400,-0.290348731797,2926.44509775,964.480274769
401,-0.289540734591,2365.45903862,885.207342481
402,-0.282299980451,2031.33397061,1089.63904355
403,-0.274788782179,1957.5647893,1676.86052081
404,-0.271375592536,1998.61694584,2270.26945719
405,-0.268848785934,2093.97804975,2743.57892244
406,-0.269456392106,2086.17325324,2116.88082373
407,-0.270927078927,2262.67550261,1415.90753896
408,-0.270551156265,2546.26572858,1082.42416066
409,-0.268667659545,3016.13240615,891.791237846
410,-0.266154974194,3964.62775287,743.078714089
411,-0.261712784236,5990.00237975,795.829020488
412,-0.256164472156,11734.1739277,828.622241236
413,-0.250540547141,47582.9892313,881.815993025
414,-0.23808352142,22570.3613894,1503.44110192
415,-0.227737933514,12512.9980419,3209.98334424
416,-0.221407530261,10307.4951742,8495.8171103
417,-0.220343931712,11634.6567936,6703.20745874
418,-0.222188144623,19816.5213581,2909.13416036
419,-0.223943797293,1035560.47321,1550.86909533
420,-0.222304526863,21284.2461176,1177.7931685
421,-0.219228653079,8588.17756422,956.271676914
422,-0.214730656996,5981.53073771,883.994532901
423,-0.209673137806,4819.90492962,869.342866343
424,-0.203785123941,3877.74426371,867.332962501
425,-0.196681566525,3188.6780031,927.474333631
426,-0.186506634473,2919.88437478,1273.16463683
427,-0.178224429253,3036.98754603,2118.66938448
428,-0.173502546955,3287.15153045,3239.80512489
429,-0.172158622125,3503.63360731,3171.61901093
430,-0.172918554235,3804.67661057,2262.25869737
431,-0.17309096974,4023.32045263,1624.39420364
432,-0.171612001668,4320.46388149,1311.82476884
433,-0.169482778064,5007.96733796,1101.58746661
434,-0.166712187115,5182.67730159,921.369314016
435,-0.163017743002,5879.25433716,900.383112091
436,-0.159401932323,5994.2296504,889.056780535
437,-0.154248607433,5306.65616588,913.342954407
438,-0.144569214192,5263.22142671,1475.51210232
439,-0.139533718429,6325.86871791,2380.48553317
440,-0.137940249709,10485.7256649,3489.04475637
441,-0.141117910023,50237.2097263,2688.07028937
442,-0.142025985332,32695.2525858,2295.64857596
443,-0.143350455221,11067.7082652,1593.6110581
444,-0.141647549526,7112.4064816,1324.22458304
445,-0.139341610551,5028.51995943,1116.94101771
446,-0.135403203257,3708.02604184,1205.35103791
447,-0.13138921473,3145.64339521,1231.36278274
448,-0.131173065933,2976.62693616,1067.71242811
449,-0.126159787613,3097.2469356,1169.76980549
450,-0.115566704886,3152.78513578,2205.41752572
451,-0.10912506037,3148.48323805,4919.95810796
452,-0.105917242543,3550.32000843,11172.9992538
453,-0.109135475186,3948.43335531,4607.15519811
454,-0.112582229056,4746.23152813,2392.05732726
455,-0.114634936627,5384.96714847,1694.37705466
456,-0.115773747916,5738.13980556,1346.98778967
457,-0.116522023325,5954.89433043,1207.27513485
458,-0.116634192789,5778.86431089,1233.94937727
459,-0.116179123563,6086.41653338,1257.61359851
460,-0.116937961564,7183.55094874,1171.30612064
461,-0.113159833452,8379.82985242,1525.5702264
462,-0.107451844456,8769.03624456,3548.90003058
463,-0.107212533487,10393.4979477,9250.14055991
464,-0.109330274747,13419.6982337,13359.7172305
465,-0.117594904512,50145.4677374,3115.61378944
466,-0.124207852085,22188.7878104,1644.88481843
467,-0.127855173912,8126.15822948,1186.21581961
468,-0.129525260029,5284.52835619,986.844617575
469,-0.130076421188,3822.82277131,838.684919184
470,-0.129201514751,2955.1614764,836.492365706
471,-0.128178542205,2465.22131386,845.128825222
472,-0.127792618419,2158.04074246,865.028095618
473,-0.124306161655,1858.74565391,971.30257663
474,-0.11859106476,1686.59638358,1394.85869515
475,-0.116948566453,1729.4087135,1986.72852222
476,-0.118654015215,1855.99674405,2421.62951538
477,-0.122892723244,2101.53503773,2381.00005923
478,-0.12912707454,2552.11474569,1848.00115398
479,-0.134664996439,3178.94178217,1444.67841222
480,-0.13860660147,4093.33049693,1167.42850899
481,-0.141423025346,6611.35887196,1011.79352092
482,-0.143198622132,13205.7995254,893.280874007
483,-0.143232234158,239739.093545,952.013419207
484,-0.139191462331,25340.0861158,1202.48071492
485,-0.136629428414,17385.7011966,1479.77078705
486,-0.131739626044,15578.1452096,3258.85162016
487,-0.131181923144,9621.85623597,10221.3338946
488,-0.13629205419,10275.4799331,6666.28948552
489,-0.145030853272,10577.3827367,2598.23262125
490,-0.151847556106,12159.0553545,1574.04957283
491,-0.15529154235,18536.0499699,1218.71412682
492,-0.156680257827,30356.8302581,1049.83896131
493,-0.158061467669,52643.0801661,895.918925001
494,-0.158066269157,73331.8498787,900.032537404
495,-0.157463974373,85214.5950695,884.188938966
496,-0.156003409931,308230.330873,899.437672674
497,-0.1519310574,49823.9191591,1064.53703163
498,-0.144339250154,50568.2062621,2156.62677958
499,-0.140038213292,93695.0070018,9360.55657978
500,-0.136554270522,54109.1101396,4711.4043142
501,-0.138220729873,21248.7657834,2609.10601594
502,-0.145023315185,15998.1813074,3158.50554106
503,-0.153049785362,17956.5953253,16801.4690089
504,-0.159018633546,27489.6929092,5034.72157827
505,-0.163473966554,51211.2241397,2436.05405157
506,-0.167297896761,43731.7466297,1529.11014361
507,-0.168864914984,102714.680217,1450.94916537
508,-0.174512843393,30102.6545385,1147.36376097
509,-0.173948725727,10920.7273871,1187.64199337
510,-0.172190923006,6296.59471717,1228.91768769
511,-0.166815647831,5280.99518487,1925.13285537
512,-0.161013065393,5189.98013775,3858.0743685
513,-0.160685083794,5765.29119311,4889.3868792
514,-0.163665568154,6727.85520531,3231.37641532
515,-0.166376120292,7740.47403487,2038.76322491
516,-0.167765141083,11148.3246375,1554.83439851
517,-0.167963155381,17286.3071737,1287.68538388
518,-0.168382851142,44139.9611327,1101.29692566
519,-0.166654414689,13946.0200086,1175.03602483
520,-0.167022942103,5505.5688131,1107.86615633
521,-0.167095345939,3490.31854814,1079.68241781
522,-0.166624076956,3844.38031283,1169.63938549
523,-0.159931446697,4460.59379288,2257.29306841
524,-0.15786111679,5983.24739412,5047.23579876
525,-0.156257020447,7833.0789733,47421.057518
526,-0.158287814446,21036.8018941,1680649.42825
527,-0.161416492022,45867.8135521,10328.7516867
528,-0.163837065219,19724.2962117,3828.01750189
529,-0.164053168923,35688.5836713,2917.70576331
530,-0.164071776137,1396653.02623,2173.73355842
531,-0.162994372712,13990.1931572,2117.47372577
532,-0.164014370166,6170.61338842,2028.59224133
533,-0.165352075043,5575.00736012,2005.27860758
534,-0.167106692449,5156.76962094,2090.05759813
535,-0.168157434651,5040.61898083,2430.20783797
536,-0.168552809577,3261.8149134,2644.69963503
537,-0.163435463271,2789.301419,18698.2207225
538,-0.152269823649,3590.3469182,1296.38760269
539,-0.146250043412,6863.75481163,660.444766478
540,-0.149120581481,13976.3948122,566.68238132
541,-0.154190241929,6990.15204791,641.323540806
542,-0.162213502294,6241.66196956,889.149635292
543,-0.166631918944,3455.65889951,1751.83880538
544,-0.180576051322,2126.98877317,6129.50700362
545,-0.202594766719,1859.18969111,927.94976277
546,-0.218645027436,1768.07508896,563.694051593
547,-0.22357351471,1417.00992494,443.376912602
548,-0.225088525319,1214.37341096,368.668838477
549,-0.223042414222,1198.02698339,331.366837053
550,-0.21321877072,970.961778508,322.316770129
551,-0.204218455306,960.926184753,352.794227489
552,-0.195121969975,1155.1018631,427.838500012
553,-0.183286730286,1466.37714586,605.654156967
554,-0.170714104578,2451.54824748,1221.4346512
555,-0.161206845355,2854.03498789,6775.10220862
556,-0.150254836992,2206.22999309,2396.68549387
557,-0.149219706658,2315.84179231,1672.73069587
558,-0.154863458974,4855.66629754,1494.94668432
559,-0.159358637232,13677.6627368,1196.14464172
560,-0.16449404316,12663.8853344,1202.00838185
561,-0.169863404985,6769.66985554,1327.07821177
562,-0.16887202134,23067.5054957,1499.63321042
563,-0.167221916902,19579.2564344,1728.27048224
564,-0.172507139056,12885.2303835,3536.39786829
565,-0.173639263409,116111.0025,6038.25582495
566,-0.172446407406,7645.49254362,7463.80912961
567,-0.171578597505,3815.74195283,8350.46257128
568,-0.172233548311,2354.41261811,12119.2400579
569,-0.173515385704,2426.07884743,7999.7539261
570,-0.175621496007,3309.6378393,6529.69947029
571,-0.177776144722,5378.71339372,4784.5230402
572,-0.179105895734,7045.5874846,3757.34853594
573,-0.181238010368,7770.29150486,2355.59788335
574,-0.184456984319,9007.76303986,2033.18696469
575,-0.189065316676,15666.2293725,1778.45273419
576,-0.194804131834,104528.530282,1753.57284233
577,-0.20103147071,1609104.46857,1631.02800022
578,-0.204018425185,46114.5465465,1504.74827965
579,-0.20722820647,24600.8274412,1416.24908691
580,-0.214329156567,10615.8459464,1650.80546624
581,-0.219728050657,8436.06407078,2115.33164785
582,-0.220649513537,6511.75252676,2326.7116159
583,-0.219849619271,4832.52283217,2443.48486919
584,-0.217850031809,4276.8326731,2580.35428424
585,-0.217253278897,3475.20306442,2495.49615035
586,-0.216723271079,3036.3346462,3381.62493147
587,-0.21770699395,2802.23711479,4712.74569698
588,-0.23749098041,2642.03198778,1268.28571077
589,-0.246716084128,2674.33510863,769.454797191
590,-0.250778503474,2788.68928685,565.235049065
591,-0.245209477901,2804.52987782,589.595285055
592,-0.239963811787,2874.9913537,585.509217871
593,-0.232311468566,2592.30704156,590.659456092
594,-0.224284363525,2371.53544429,598.976794367
595,-0.216428759964,2278.23775821,616.4332966
596,-0.209589695721,2616.84072571,645.122841935
597,-0.202215341904,2776.66956915,686.378752256
598,-0.195486189835,3525.11241886,733.445906342
599,-0.189967687285,3600.47835707,727.273676356
600,-0.183221959847,4316.88357831,787.845383335
601,-0.174875758008,4916.21658368,1025.66705219
602,-0.170132856566,3835.38973814,1072.7659743
603,-0.165901923,3197.25385558,1195.7239415
604,-0.167370726804,21649.5257507,1154.40900914
605,-0.167067789718,4140.28672999,964.890409175
606,-0.160292838405,3066.83726118,1057.45248687
607,-0.152292376189,2514.3911629,1113.50608074
608,-0.145111569661,2049.66573652,1022.63698633
609,-0.1382336482,1630.01823574,859.326759398
610,-0.130910965826,1347.94832085,685.996179688
611,-0.127154422494,1024.68037326,540.879836444
612,-0.138668424325,826.735955415,396.205774118
613,-0.141558149926,700.629156603,322.13845994
614,-0.137252431161,609.243103417,291.180667976
615,-0.126349113951,551.228876275,284.617419986
616,-0.109182043235,535.259854397,281.814958853
617,-0.0838342821959,507.9245257,325.016264259
618,-0.0648935619207,490.830164484,361.614337679
619,-0.0495949456631,494.788718805,391.284606098
620,-0.0391255908403,496.857123188,400.038010011
621,-0.0326816619746,509.869653684,398.415839964
622,-0.0304603113228,513.772600597,387.696501199
623,-0.0284895102531,505.908030081,384.624284299
624,-0.0282872857117,460.30745252,404.702008762
625,-0.0308149287337,421.173911321,418.141122424
626,-0.0341029737268,389.399621314,434.55611802
627,-0.0361229511785,372.77496523,502.047715374
628,-0.0318129443503,372.096620098,640.371388804
629,-0.0342967550473,377.146570582,707.383732621
630,-0.0382422846105,391.427054832,689.110068012
631,-0.038645756675,412.457528561,779.304603002
632,-0.0363602380728,441.452890693,1023.65802899
633,-0.0392591375381,462.383185043,1118.41393048
634,-0.0507356325774,461.92889086,828.502936739
635,-0.0600704542023,448.00958521,683.47234301
636,-0.0678899927192,438.511772179,616.219319151
637,-0.0751029236727,446.022711827,559.304181179
638,-0.0829655916598,457.076773711,513.263652764
639,-0.0906044292635,480.869649795,482.745108662
640,-0.0986085098063,506.33140529,467.388127165
641,-0.103253832096,540.457950915,488.922212207
642,-0.106239830953,580.924208037,537.025589094
643,-0.107879111415,621.460710507,659.637135777
644,-0.114430323649,665.414431713,733.552378529
645,-0.127712756752,720.311360449,665.258489134
646,-0.144044939543,769.424874727,548.1583459
647,-0.157086462185,812.290320706,479.308978301
648,-0.166702073205,854.700979804,434.244364484
649,-0.173831778537,897.754095315,406.539927586
650,-0.17928790883,953.824405145,395.367976157
651,-0.18402605794,1007.48095539,385.486990768
652,-0.188636812526,1065.55345532,373.126867774
653,-0.191979072909,1090.38901052,382.740551712
654,-0.190350018456,1072.86254409,452.498292827
655,-0.190914310262,1026.67907768,535.557699986
656,-0.196779588535,964.348314352,583.362922317
657,-0.205717147911,877.454326176,584.085322969
658,-0.215307785796,809.422534659,559.047641666
659,-0.22449952333,756.249402564,511.548192949
660,-0.231151907254,715.155407101,482.374179471
661,-0.23679508726,678.404640937,453.871459249
662,-0.239988906679,646.674073318,445.19487867
663,-0.242151798601,624.029849651,446.55281778
664,-0.243985742432,606.07605418,455.865975672
665,-0.244801422124,598.322246638,462.596735996
666,-0.239847917769,594.336985564,553.923824055
667,-0.23540638183,599.533535444,688.293730676
668,-0.235386609576,606.799170529,798.989133483
669,-0.23622984284,618.992194739,898.847360794
670,-0.240472126229,638.090445345,888.037511219
671,-0.248024247637,633.803582397,769.105913849
672,-0.254738449234,635.163419919,658.137839995
673,-0.259655951425,639.609762371,583.420306481
674,-0.261888095351,653.671719774,543.792281205
675,-0.263632962782,661.264895077,528.196618644
676,-0.264937530294,678.066205199,515.052065918
677,-0.265701433087,702.256573695,526.38210981
678,-0.263641771401,734.327152847,565.314978258
679,-0.257208370281,760.853268324,709.92603899
680,-0.25509263928,793.94198795,846.415597373
681,-0.258057172511,815.882940211,875.138660855
682,-0.263925541685,840.359319739,811.974019422
683,-0.272736225871,859.46845825,683.846864446
684,-0.27970079983,833.933598753,606.501743733
685,-0.284913890511,834.483551699,536.574969918
686,-0.287103727087,845.104317932,500.33510826
687,-0.28738485355,876.395777084,491.293962075
688,-0.287815619798,895.364251877,484.715153366
689,-0.288201341009,911.865364928,474.217620359
690,-0.287402863627,942.731289738,471.057928068
691,-0.283391991362,966.616949445,515.427070481
692,-0.27772539122,977.079761149,610.383191874
693,-0.274564996729,959.767349948,699.478686446
694,-0.276659220824,936.391108351,712.011191871
695,-0.28102434747,893.675603126,671.91019373
696,-0.283747758206,826.514062058,639.129820064
697,-0.285905568519,755.266799163,610.268130143
698,-0.286438450236,691.442946061,613.12237951
699,-0.28728774362,640.376871345,606.07793586
700,-0.287173884157,603.964000423,588.529347141
701,-0.286375202397,575.363688481,586.272816338
702,-0.284775413273,564.439413555,580.617105004
703,-0.280279203378,561.201191697,656.282854932
704,-0.277327923293,559.740816813,714.258549995
705,-0.275940263912,569.833229211,731.415122227
706,-0.276854071251,582.798533167,691.654482386
707,-0.280724448382,594.081780044,595.556006921
708,-0.282630328853,593.730472851,529.015315877
709,-0.282812826702,598.659385671,477.210679933
710,-0.280910247158,605.686473809,454.43909763
711,-0.277360733053,615.127435017,456.422638923
712,-0.273849624361,621.531677835,453.196728828
713,-0.270912788319,625.391613796,445.177524752
714,-0.267716637265,631.04166385,441.645945087
715,-0.259886149671,628.932119958,511.502323618
716,-0.254437266371,632.503383883,587.027903059
717,-0.252684950745,646.524433402,640.610177834
718,-0.254223574256,656.163297526,651.422097883
719,-0.257131337544,677.334537882,626.191807122
720,-0.264835374735,700.64346315,540.224328947
721,-0.27045637106,729.68712632,474.558164425
722,-0.273289534954,763.673177294,447.592903691
723,-0.275276974014,783.645623692,424.965843865
724,-0.277347375515,799.410503868,407.914617327
725,-0.278796605748,805.088438837,413.221937302
726,-0.280615669521,797.793565682,421.563764069
727,-0.28454046604,785.866589305,421.263146995
728,-0.286584509124,765.677245987,433.446445383
729,-0.285431798244,742.025543825,506.108116473
730,-0.288025890292,717.532960547,557.67920019
731,-0.293924271492,681.423001389,564.390540407
732,-0.302741043947,668.203777578,521.479419399
733,-0.309825180427,631.636698365,491.79095807
734,-0.313834765478,619.555013004,487.022590531
735,-0.317777359733,600.034608194,478.877046493
736,-0.320232312095,588.234242282,490.434397723
737,-0.322936671434,587.859370846,475.44968064
738,-0.325538735332,590.253327792,476.298668971
739,-0.332518682914,595.591378562,455.592388141
740,-0.331963405299,597.136919551,513.662584946
741,-0.335501840189,600.626015704,543.14374367
742,-0.340796163071,595.916779585,543.533643137
743,-0.346713585187,603.314757971,519.350163695
744,-0.357112390504,609.637024374,453.872080259
745,-0.364227515581,621.428535892,414.308937172
746,-0.370018954574,622.481350136,392.464494059
747,-0.373940961826,634.485636745,383.75227893
748,-0.377107523433,646.24769937,385.937237943
749,-0.380191733764,665.476257534,391.461057176
750,-0.383324912325,680.11832302,394.634278389
751,-0.387858167195,694.696316259,391.277843147
752,-0.388070495414,697.585883073,429.81776046
753,-0.389868032586,716.864228901,480.366379972
754,-0.397007871311,732.739817781,499.250355149
755,-0.404451424737,756.98891762,510.404885416
756,-0.414896893462,786.81651015,487.039846342
757,-0.425740449382,822.112132861,444.182052737
758,-0.434444020773,836.591183242,423.385803498
759,-0.441758042511,843.161976775,412.609030128
760,-0.447004512256,844.127532355,423.096746569
761,-0.452572217773,849.485892079,418.311248862
762,-0.45705127357,860.731555962,423.336675084
763,-0.46468197532,862.22831275,406.719500175
764,-0.469297534995,858.703553237,418.870174224
765,-0.469047710132,843.31794014,484.71924651
766,-0.47049987614,826.239332131,557.450505146
767,-0.474322773022,794.249442844,608.709645956
768,-0.484235756269,741.417473926,582.091479953
769,-0.491191367727,678.11499614,591.749470597
770,-0.498142900052,633.899212919,594.186124544
771,-0.504877596739,598.453740516,583.391515614
772,-0.508873240877,577.945911645,598.438831198
773,-0.512965858259,563.0898899,615.461300364
774,-0.5167142238,553.297391974,604.432802099
775,-0.523401774236,540.96613242,556.430264322
776,-0.523696972916,539.361854465,610.271882686
777,-0.522726356098,546.258461994,694.812072405
778,-0.524486846206,560.746857936,731.334030601
779,-0.527723333348,585.779073786,719.483578916
780,-0.53255357711,620.250793374,671.741206466
781,-0.535771241367,662.872620386,636.302561145
782,-0.537437002373,673.705056407,621.203694089
783,-0.538814427042,678.829494815,604.461386332
784,-0.539993786227,687.41138416,570.926076684
785,-0.540382625234,704.23924605,570.986979109
786,-0.540563230669,733.851457152,546.117567695
787,-0.546848040091,748.053943418,482.518351693
788,-0.542564750034,783.524595888,531.559942565
789,-0.539461198635,806.562441633,588.913011704
790,-0.539856413105,818.470094225,615.365713544
791,-0.54196461109,828.003821332,606.709516993
792,-0.547003534349,824.169505968,537.719120762
793,-0.550448235609,799.990788104,483.01134443
794,-0.550537433931,785.593106073,448.320106253
795,-0.548441234435,776.67440747,442.143456322
796,-0.545794162601,773.415327158,446.146075546
797,-0.542843042391,785.987923196,441.831470692
798,-0.539406308922,831.007375432,445.71648593
799,-0.537205274998,885.184919133,443.584693697
800,-0.530453130376,963.301153331,505.533881899
801,-0.523311668295,1064.69726304,597.134377733
802,-0.518974095002,1165.68668198,680.327396674
803,-0.517879449832,1307.04179664,706.714818295
804,-0.517917525805,1371.24888817,703.241879092
805,-0.517646479126,1385.27447213,699.049817813
806,-0.517586477619,1361.83959741,684.620087341
807,-0.516748793981,1337.95116034,697.901787795
808,-0.515621956676,1290.05714952,770.604000814
809,-0.514421279997,1238.6942033,788.495209741
810,-0.513664973426,1202.44015896,798.449472783
811,-0.515093663279,1159.43187002,785.857362261
812,-0.512704263308,1121.98711375,847.054964468
813,-0.506691718323,1064.20373243,1114.0045813
814,-0.501859634679,1016.59425001,1336.79118356
815,-0.503832004764,942.747172584,1114.7262476
816,-0.506370743356,851.282516272,830.861611196
817,-0.506004855538,775.714582575,677.345389638
818,-0.503261548286,729.42989375,594.733703068
819,-0.498261721408,697.09539779,521.749352369
820,-0.491222014373,674.361736434,505.790199782
821,-0.483460942537,659.503923162,472.773107271
822,-0.474492986956,660.219543153,447.549207922
823,-0.464236713868,684.624814433,429.311823996
824,-0.447930991031,734.099082862,463.094386711
825,-0.432343371122,790.91291725,510.193033865
826,-0.420674516418,852.636693025,524.771343636
827,-0.411841966393,921.626618548,512.238181225
828,-0.405040012563,961.555167017,477.446053921
829,-0.398012219252,997.144694528,440.259516288
830,-0.390224162278,1030.52924788,417.101296302
831,-0.382255755143,1029.99933311,402.542486782
832,-0.373968368604,1010.20617755,400.911668745
833,-0.365460015606,1000.74349095,408.060955108
834,-0.358420993121,994.479849336,405.344175375
835,-0.350375884146,985.11158086,411.376043488
836,-0.343215810815,965.43682464,405.022048002
837,-0.330196167983,927.557203193,466.76664157
838,-0.320075435169,884.83249756,517.216303958
839,-0.31280532321,845.603867979,521.397301449
840,-0.307257634354,812.050032482,498.84753972
841,-0.302114880454,758.982687011,466.294134235
842,-0.295006971616,699.040454845,442.256895235
843,-0.287341555786,641.469656131,428.135464073
844,-0.278731387042,603.546862406,401.261994874
845,-0.268213205289,590.670433247,408.655689176
846,-0.26009126771,578.312627574,406.899826106
847,-0.250505550002,566.460068758,416.111181739
848,-0.241538716789,560.848700755,418.116571688
849,-0.227837609294,557.281747643,487.341206373
850,-0.211637264385,555.501437208,612.259390407
851,-0.204588535049,560.318715386,661.917178947
852,-0.200736303768,569.920960242,645.696954543
853,-0.198545391277,573.974840064,605.37934006
854,-0.195594718092,578.937943483,580.064914346
855,-0.19268252909,594.978590098,561.306335996
856,-0.189343816321,633.249982658,547.884980592
857,-0.184950822886,689.639642497,559.69234673
858,-0.184677911121,769.693364002,531.988802952
859,-0.182179559639,860.363223443,521.358719252
860,-0.177947058828,961.254866381,567.264122275
861,-0.174703606575,1023.74816654,642.829684639
862,-0.174680011469,1061.52188362,668.895057646
863,-0.177156628077,1063.27502304,667.750773552
864,-0.181242275926,1037.04875463,622.6233182
865,-0.18467268481,990.232231209,558.368335347
866,-0.186981420285,918.495121108,519.166861747
867,-0.187246117696,888.887214545,485.551968352
868,-0.18644841009,906.655625319,455.006436368
869,-0.184224600716,925.740922025,466.696795814
870,-0.183912297948,950.126911864,459.122100966
871,-0.182774569582,987.743228751,455.697957114
872,-0.180294955748,1040.73079654,459.43328034
873,-0.175752500905,1101.22508132,502.84630849
874,-0.168585876301,1121.65767406,604.962206413
875,-0.169164090751,1121.26901278,631.435700945
876,-0.171195980785,1118.05991262,639.6755324
877,-0.174590789824,1079.2230065,608.256794283
878,-0.178303781786,995.884721605,575.00571527
879,-0.181549760023,931.346693753,539.284636091
880,-0.183881534,893.682713223,513.397464397
881,-0.186010640545,872.010833362,515.950209965
882,-0.185737506873,853.133590989,527.481146092
883,-0.185739725929,811.782070153,532.460650361
884,-0.183095499132,756.190376842,605.933748606
885,-0.180441284564,728.656869146,721.841247624
886,-0.178372770338,725.681972387,855.280282358
887,-0.181620196376,747.113568271,793.202498357
888,-0.186575946272,757.977202347,672.394731575
889,-0.189061766736,768.604432937,609.59576222
890,-0.190995842685,798.517187713,552.223027142
891,-0.193272753005,827.879108215,493.720517348
892,-0.194175614757,862.740957999,488.605190295
893,-0.196896572755,925.267764269,480.764656002
894,-0.200175609899,1028.35501357,459.793883273
895,-0.20239825133,1164.99082701,451.711377517
896,-0.198541538331,1286.47423386,538.857674004
897,-0.190330373873,1361.17248184,750.825786557
898,-0.189183325798,1390.98403977,982.259689145
899,-0.19493739808,1424.30211663,1005.42545633
900,-0.202785599089,1392.23217906,894.359275095
901,-0.209275743953,1402.96364671,808.739642495
902,-0.214812716209,1402.38371312,739.122822356
903,-0.220360477537,1439.13959517,674.485933247
904,-0.224947006666,1477.97049289,660.159298972
905,-0.233606592166,1490.91250222,604.777570294
906,-0.238247978654,1479.10682663,602.53052293
907,-0.241847662743,1436.3429739,584.793905659
908,-0.240904005111,1343.02125159,647.320052691
909,-0.240012089926,1295.50699636,684.230877726
910,-0.242921951925,1289.16032497,640.041315471
911,-0.246309955117,1291.22609096,571.035087202
912,-0.248636582391,1201.58248302,502.105107273
913,-0.249347321689,1088.30701735,449.857772212
914,-0.249597817535,981.046117657,407.679054255
915,-0.248764874367,895.831359223,392.718052925
916,-0.246232168868,843.318980672,395.639417739
917,-0.240345092051,809.882013918,407.879651317
918,-0.234170997589,791.521497159,424.813459683
919,-0.225441073725,770.343888212,470.988116961
920,-0.218526674675,736.689517529,534.152451727
921,-0.211913867769,709.09766432,595.914558638
922,-0.210105028087,681.640220045,594.091074903
923,-0.209832163903,654.391444117,557.450013439
924,-0.20829904493,631.720135738,519.627103347
925,-0.205384189464,627.61602175,497.948820082
926,-0.202659440335,627.208479043,473.827582486
927,-0.199107778152,638.775031681,488.009017576
928,-0.19572892799,654.508429071,501.684779893
929,-0.192285928342,672.913416804,511.316896743
930,-0.189665367688,686.751070765,525.768714378
931,-0.18368395993,710.621840654,643.409240545
932,-0.180778901466,743.030292865,753.238649432
933,-0.182044863154,785.895924009,805.456303516
934,-0.188677762975,846.224296278,704.960942364
935,-0.196266896558,894.329870344,598.135576039
936,-0.202125002162,924.741148568,534.429265438
937,-0.207135291635,945.31578966,482.234078481
938,-0.210587593838,969.792032881,449.176663849
939,-0.212383431739,1016.55042274,429.665083678
940,-0.219700351678,1036.07931589,400.000392942
941,-0.223701700326,1041.7491653,383.953304131
942,-0.221988942094,1020.42955818,417.253865443
943,-0.219105915054,959.207553655,465.465904924
944,-0.218856143653,879.58476672,490.766713848
945,-0.221105561663,803.90152265,494.17907237
946,-0.224458545551,736.291819659,479.664721964
947,-0.228815975309,660.792313757,443.153380835
948,-0.23061596591,616.358884588,420.953241732
949,-0.230496750929,596.388190469,400.924250791
950,-0.22903567363,594.483110985,385.303564315
951,-0.226290198556,607.448165235,395.364490844
952,-0.225464120998,634.600562714,393.485290698
953,-0.223915557617,664.818355344,398.775330177
954,-0.221382469661,692.95536913,412.043310703
955,-0.216507994768,714.184176791,483.479767962
956,-0.211399848573,739.289311941,582.686210997
957,-0.215370093675,762.162017514,597.840493106
958,-0.220644805758,788.219645574,600.486947041
959,-0.226311953357,825.127521992,580.88706737
960,-0.23360158838,825.422333673,555.68499606
961,-0.241047605508,854.448331879,521.795557566
962,-0.247489341836,899.288910502,545.691760149
963,-0.256062016517,897.423199511,546.979549379
964,-0.267261238251,896.457993937,532.848208842
965,-0.271928443359,944.636895211,585.626290853
966,-0.274755475942,973.722423299,724.954152628
967,-0.281238123643,933.370739262,839.891589368
968,-0.291976065176,866.760959006,846.084738651
969,-0.304185136979,807.599431395,778.166688661
970,-0.315344298998,800.060047694,682.520377225
971,-0.32264298136,836.703407519,634.85483446
972,-0.327975176894,875.232286419,600.879175501
973,-0.333135459628,903.970195595,573.652521492
974,-0.336209446204,985.051947167,555.513475784
975,-0.337306300178,1198.59618448,571.372220889
976,-0.340959528936,1605.49277151,573.774234508
977,-0.346650951486,2260.72279502,546.835892965
978,-0.345897189681,3267.21207781,648.519977382
979,-0.344964862298,13179.0886892,770.411358028
980,-0.347390631309,10362.3003624,857.266620178
981,-0.357123165539,55024.2526142,822.197384558
982,-0.366432189092,2290.69858076,947.471812044
983,-0.373158128356,1177.76807638,1424.93602599
984,-0.377876130085,849.91828418,3272.12704877
985,-0.379575055974,749.766045975,10913.9130644
986,-0.379969737061,693.900100136,1827.49107163
987,-0.382932615561,716.085478156,1615.44675938
988,-0.39833562453,840.988601913,7359.83184519
989,-0.38581024945,963.270447503,13122.1469189
990,-0.410988668352,996.694931583,1117.31751695
991,-0.433114195792,965.563085471,534.944633602
992,-0.448184133642,859.694332613,348.891675978
993,-0.469210262104,785.802662645,237.771619307
994,-0.465578226196,751.153908759,202.883393383
995,-0.451514413448,755.527994863,186.773909351
996,-0.434804389071,693.97189213,182.288637124
997,-0.416211573988,612.243541415,184.068673718
998,-0.399190762092,539.805778431,189.930711371
999,-0.378464449403,478.652051341,201.267755265
1000,-0.348618920693,463.402349675,225.145967114
1001,-0.309910758752,442.4369437,286.242622192
1002,-0.27180256961,426.007933588,429.704426098
1003,-0.229777591713,435.726213802,1021.96371413
1004,-0.209078557805,417.774839938,4083.18527571
1005,-0.204195303172,509.564561464,871.631849818
1006,-0.220394109621,599.807967595,803.151338069
1007,-0.249109656433,626.715892529,1317.40713163
1008,-0.27345654034,635.450795202,3907.69700116
1009,-0.288903034589,718.364546782,3598.87939385
1010,-0.293644938927,765.28722145,1518.53048627
1011,-0.289075743025,1034.53739473,1072.8279568
1012,-0.284624838171,1059.04584639,798.288767969
1013,-0.287685381789,735.446469925,680.696494145
1014,-0.28790837703,540.088755454,637.357848446
1015,-0.282800523221,439.558199032,592.787362235
1016,-0.259667886344,452.640087561,572.219186767
1017,-0.234513970079,473.193676779,578.90703965
1018,-0.211239659211,502.523135423,636.008091564
1019,-0.189409273806,547.089900295,731.494760486
1020,-0.176955211414,453.154449521,799.342969372
1021,-0.165297614502,401.525237281,843.568233524
1022,-0.152880080913,377.026442804,882.387989243
1023,-0.135834487365,377.320202541,933.86437265
1024,-0.117599661254,406.920689864,993.004291991
1025,-0.101434499926,431.588422824,974.470166679
1026,-0.100486559717,480.549226288,724.305897493
1027,-0.0940232396626,548.042646799,750.684957166
1028,-0.0938656556594,546.377325883,768.339655638
1029,-0.0940893012964,535.916362584,764.646486336
1030,-0.0842209080318,579.634395819,921.991837545
1031,-0.0760341942524,711.571212556,1018.43751362
1032,-0.0685982491016,870.840300056,1157.93147488
1033,-0.0712747971955,696.704810394,1235.90545164
1034,-0.0759272513795,530.726995768,2247.17226574
1035,-0.0842302391448,383.157722499,4137.11645389
1036,-0.0928435543982,287.943950657,989.509628811
1037,-0.119179756228,238.762384563,860.793270165
1038,-0.189171987268,204.667975023,1007.83180861
1039,-0.238581087184,179.939611536,385.03332856
1040,-0.27297954955,169.407100724,250.738904137
1041,-0.270449494983,174.953297607,204.045710094
1042,-0.258311526068,192.532614883,177.803402377
1043,-0.238624330874,212.603098045,166.461700434
1044,-0.225205220617,233.604418317,155.846673171
1045,-0.214910366821,252.278904361,141.584585986
1046,-0.209626088396,280.207846849,127.213135293
1047,-0.202377387678,301.878433422,121.695123779
1048,-0.193718632835,313.115335274,119.167267558
1049,-0.180757958275,307.180993858,124.216944053
1050,-0.160203493235,319.282871615,135.924879256
1051,-0.132174479028,354.666648384,157.187117807
1052,-0.141071188864,340.926187628,164.321505822
1053,-0.127473109406,370.495859292,179.733558804
1054,-0.114494237578,406.609770246,195.818360192
1055,-0.102983377817,453.268571816,213.241835523
1056,-0.0936831615011,505.092105013,233.902606267
1057,-0.0871966721768,568.535891306,256.073591631
1058,-0.0844444262561,638.05559193,276.55052528
1059,-0.0801148998009,703.665418356,327.203368774
1060,-0.0849698787315,752.812604016,364.107218722
1061,-0.0944700442283,784.280351588,390.328572334
1062,-0.10372650714,795.406170085,430.445093533
1063,-0.113484148099,793.907038157,471.566082189
1064,-0.122639720746,780.359699056,518.807651318
1065,-0.132446520023,772.972740056,546.027959209
1066,-0.143433845108,782.299266963,518.495238691
1067,-0.152811211139,779.299785385,497.911499173
1068,-0.160854149763,788.644604807,469.871745722
1069,-0.167666366462,809.019515728,443.310307027
1070,-0.172839635335,851.659782218,444.951506619
1071,-0.182024135745,900.50415595,414.601852872
1072,-0.189357205412,990.774767134,389.088615843
1073,-0.1956791173,1089.24011156,367.587029001
1074,-0.192165513155,1225.40521401,426.201140962
1075,-0.185548648614,1385.97338395,535.677257483
1076,-0.191835304078,1352.86751271,560.2839308
1077,-0.201177224674,1360.26218194,540.941257925
1078,-0.210364831928,1321.79437571,520.183332434
1079,-0.219165001515,1289.94220287,505.198630359
1080,-0.227440368623,1282.66076082,495.345429184
1081,-0.235438860183,1200.36476195,491.323764056
1082,-0.243339217917,1157.14693011,515.263998333
1083,-0.255881633789,1119.54005569,485.290009983
1084,-0.26396723089,1061.82019529,498.982603669
1085,-0.270511065901,1015.6953618,515.665672436
1086,-0.271845076178,984.205580673,609.826736597
1087,-0.274783521088,1012.61797028,660.206797442
1088,-0.28059317457,996.518958024,652.063534258
1089,-0.287415128949,989.03886927,578.690138475
1090,-0.291843253749,975.365715793,532.327453791
1091,-0.295304194506,959.16517633,500.080385019
1092,-0.299435007866,932.86247371,459.257889478
1093,-0.301879999524,909.850169812,463.876180916
1094,-0.307313674872,888.547951206,434.410361891
1095,-0.30890406291,882.63033983,427.627990178
1096,-0.308040707351,885.217657522,443.431188275
1097,-0.302911604832,936.839281925,503.506474616
1098,-0.296288759726,1057.8473193,591.4136077
1099,-0.29669794518,1180.9952235,618.551512977
1100,-0.299968490281,1331.04464292,604.468702151
1101,-0.304109976598,1540.7320619,597.696594152
1102,-0.308571356325,1812.21109895,582.593539716
1103,-0.313690997782,2162.1538334,563.622949206
1104,-0.320014831784,2382.41140332,550.208474478
1105,-0.325487465658,2437.07162001,606.665355333
1106,-0.332302137221,2383.30859529,651.275621333
1107,-0.339940334398,2189.2982766,697.239956121
1108,-0.345869725084,2005.75555568,800.24143038
1109,-0.34932417616,1783.79136964,1042.53120864
1110,-0.358300743801,1447.73923749,1021.06458092
1111,-0.368047029449,1206.79519837,871.788832615
1112,-0.376483434654,1053.00002573,679.986102713
1113,-0.380227076833,964.342784246,569.843221066
1114,-0.380912652076,922.467595385,503.835826329
1115,-0.379374066774,916.782827439,468.067384348
1116,-0.37613699483,935.817734172,441.925727576
1117,-0.373407844505,980.726281341,410.532140836
1118,-0.367621686171,1041.53665569,406.509209697
1119,-0.359555251499,1146.51077327,424.357164421
1120,-0.350546338389,1278.97778205,469.623473248
1121,-0.340959453175,1465.53631506,527.731529866
1122,-0.334123573242,1684.23646403,582.939120748
1123,-0.333299876123,1768.56721594,563.117986956
1124,-0.333227416029,1896.54493457,529.42184633
1125,-0.333003993711,1997.3685711,492.944180914
1126,-0.332205565774,2001.43368913,462.402267794
1127,-0.331893226013,1902.51178102,434.300651962
1128,-0.330391313658,1680.57188694,448.872289372
1129,-0.329838931094,1462.51074036,467.811559165
1130,-0.330948308367,1267.32607166,461.271762599
1131,-0.32583141134,1087.08491853,539.626165742
1132,-0.320345692859,984.325738875,627.340941234
1133,-0.318556868459,936.651180278,641.385880271
1134,-0.318719717406,872.718422472,606.052353439
1135,-0.317513894199,817.148376945,569.912688814
1136,-0.315448919768,795.371750463,527.161756745
1137,-0.312924155375,795.227882532,495.987719839
1138,-0.309284679864,805.383051229,501.694122352
1139,-0.306406928993,828.204771323,497.108138049
1140,-0.304310603669,868.756244242,508.650269905
1141,-0.301629688454,935.764803831,522.876892008
1142,-0.294480076221,1026.4881008,622.845675088
1143,-0.28938639591,1153.85781782,734.4975312
1144,-0.291237902266,1224.71162787,732.710233118
1145,-0.294630170957,1276.8500271,708.622895414
1146,-0.298834058216,1338.10151903,632.861258795
1147,-0.301000256004,1372.81613215,584.190099322
1148,-0.302707689023,1418.58408113,550.079164836
1149,-0.304313098078,1404.45730408,500.269941601
1150,-0.304583230084,1292.97960433,494.158980861
1151,-0.308332333071,1205.85118559,464.372608943
1152,-0.310093547697,1128.83640648,448.165579829
1153,-0.310360881289,1074.38594783,439.487196017
1154,-0.301884193529,1053.62386544,524.765212484
1155,-0.292342896471,1087.78256247,638.463462833
1156,-0.287241017684,1154.72478427,731.307151246
1157,-0.288182512834,1170.20185751,695.715662558
1158,-0.289837771023,1194.59359969,619.542027899
1159,-0.289489191835,1243.33634964,553.257105102
1160,-0.288405286269,1250.09250281,496.924718391
1161,-0.286769230481,1194.71530385,500.24502743
1162,-0.2880372014,1018.94173805,479.727869003
1163,-0.28720520395,878.357946947,476.597312514
1164,-0.286007325683,768.303645514,489.314798646
1165,-0.280060605328,700.050084739,558.921439315
1166,-0.275900298435,648.0486406,617.674000025
1167,-0.273398806192,618.562802167,634.782463124
1168,-0.273516677336,588.737616542,577.586206313
1169,-0.27310154154,580.155045245,513.34324658
1170,-0.270094219257,597.867974024,466.759295486
1171,-0.266800941193,620.96407936,422.559623427
1172,-0.263289107444,645.613532993,414.038230664
1173,-0.260611476519,686.101699593,401.089801101
1174,-0.259873658611,734.163425841,389.29591627
1175,-0.259341856934,804.676301872,383.501083402
1176,-0.253886169296,873.74901057,441.974867165
1177,-0.250485581095,950.145078738,521.254782927
1178,-0.248421347297,1043.81922664,612.244667595
1179,-0.253075581556,1104.7612724,631.902783561
1180,-0.260270347085,1124.83816625,614.974770131
1181,-0.267689407934,1155.25689391,596.711352981
1182,-0.275530060075,1204.87574368,568.061096252
1183,-0.28348847989,1247.65212085,554.087675466
1184,-0.291210767821,1276.79310745,585.509298315
1185,-0.302085797128,1310.18974407,580.75864919
1186,-0.313047054636,1324.75224937,568.527853317
1187,-0.318986037708,1328.04157927,622.145673458
1188,-0.323862500131,1341.95553828,697.755986683
1189,-0.331417833745,1374.03128767,695.626066809
1190,-0.34144689145,1297.0897699,626.19222061
1191,-0.351759945004,1180.70343792,528.262083012
1192,-0.359348778209,1084.86692164,458.934906412
1193,-0.364803109538,1013.24380908,416.966070969
1194,-0.366388497904,970.02040972,418.978528382
1195,-0.36710927248,908.186123379,427.260895937
1196,-0.366053568379,859.889600456,447.363945998
1197,-0.36573742181,825.429950176,479.121985686
1198,-0.365387357582,805.537997542,525.370583102
1199,-0.366764899372,807.669775554,561.880982245
1200,-0.361929191663,822.322137522,739.999422743
1201,-0.363883094309,848.281759596,863.743144427
1202,-0.370921450255,888.458316425,823.784873288
1203,-0.380038407592,941.170818863,663.252117844
1204,-0.387530066671,991.390994861,560.361895363
1205,-0.395075516532,987.889602821,473.801507506
1206,-0.400580548919,920.592095126,455.473376913
1207,-0.405326968213,853.027527001,445.048459749
1208,-0.411182478144,811.381729245,412.769744286
1209,-0.407566926253,780.586288859,462.015733102
1210,-0.405640004624,764.598666482,513.174647666
1211,-0.405472225465,745.920131716,546.288546891
1212,-0.408258081077,721.645169905,562.752476246
1213,-0.414814666353,702.874755073,520.417658917
1214,-0.419330213162,697.854124273,469.982353688
1215,-0.421690260889,712.23754338,434.0864582
1216,-0.423226080473,732.761176825,405.366370698
1217,-0.423313913736,763.553981259,400.455845871
1218,-0.424355656394,788.727497665,398.518872886
1219,-0.42863404667,801.101454307,384.330365421
1220,-0.432708628179,808.000932382,380.355211754
1221,-0.428368152198,827.549728289,457.754914938
1222,-0.429149034153,829.523809777,515.847485823
1223,-0.434131501256,827.806930217,537.608783245
1224,-0.443232775489,834.97525083,495.71805243
1225,-0.45050338243,867.238756338,457.017620713
1226,-0.455836987702,907.511775706,436.786834294
1227,-0.459767645996,981.319641911,412.193710123
1228,-0.463312543151,1074.68399805,382.689252547
1229,-0.467089194213,1166.11197772,374.163968525
1230,-0.4744096853,1255.04872038,355.25144374
1231,-0.480610500402,1307.85065376,341.568492704
1232,-0.476563095572,1279.93914952,391.662819706
1233,-0.473489029726,1215.1070483,461.223995779
1234,-0.469488772264,1141.36634123,574.855802311
1235,-0.473146972811,1075.7736048,624.883751839
1236,-0.47805855556,1065.16606325,640.472522303
1237,-0.483673559362,1114.0995645,605.204297251
1238,-0.486896707138,1256.02908475,570.53569781
1239,-0.490050348518,1492.80022016,542.652987256
1240,-0.492762024,1811.16829803,592.082446308
1241,-0.502610562549,2152.68605488,557.334834582
1242,-0.509471549806,2437.45514157,566.48162147
1243,-0.513182915702,2720.32704108,617.608516966
1244,-0.512994730718,3000.56080316,800.820057823
1245,-0.513646483197,3096.5805942,1096.56859392
1246,-0.523050444273,2955.75555857,1033.49609904
1247,-0.532492851021,2844.22796289,922.609390778
1248,-0.540308194351,2771.55969864,823.852716949
1249,-0.544614688886,2791.89694087,755.8804562
1250,-0.54788255848,2960.42952758,699.261915477
1251,-0.548918212936,3026.92499082,798.076110688
1252,-0.549914777464,2944.01949049,872.487748536
1253,-0.550803258014,2904.12348669,953.809535834
1254,-0.549451077423,3108.31374383,1084.15889091
1255,-0.544259891166,3350.97655277,1555.38172515
1256,-0.539749691452,3126.59616794,2394.38209972
1257,-0.544330123124,3038.35433677,1565.06057955
1258,-0.544284147975,3102.62820213,1361.616246
1259,-0.542205558067,3229.11177038,1219.03411773
